{"cameraMode":{"drawMode":0,"name":"Shaded","section":"Shading Mode"},"sceneLighting":true,"audioPlay":false,"sceneViewState":{"m_AlwaysRefresh":false,"showFog":true,"showSkybox":true,"showFlares":true,"showImageEffects":true,"showParticleSystems":true,"showVisualEffectGraphs":true,"m_FxEnabled":true},"in2DMode":false,"pivot":{"x":740.0761108398438,"y":457.2398681640625,"z":-162.38104248046876},"rotation":{"x":0.11107812821865082,"y":-0.005655426532030106,"z":0.00062499416526407,"w":0.9938058853149414},"size":370.4707336425781,"orthographic":false}